ID,gensex,q4c1
1,22,1
2,13,1
3,13,1
4,14,1
5,12,1
6,16,1
7,14,1
8,15,1
9,13,1
10,15,1
11,15,1
12,26,1
13,13,1
14,25,1
15,26,1
16,12,1
17,15,1
18,16,1
19,14,1
20,12,1
21,15,1
22,26,1
23,24,1
24,26,1
25,23,1
26,14,1
27,23,1
28,14,1
29,22,1
30,13,1
31,14,1
32,13,1
33,26,1
34,12,1
35,12,1
36,13,1
37,13,1
38,24,1
39,16,1
40,16,1
41,14,1
42,25,1
43,22,1
44,12,1
45,13,1
46,12,1
47,14,1
48,13,1
49,12,1
50,25,1
51,25,1
52,25,1
53,22,1
54,12,1
55,24,1
56,15,1
57,25,1
58,12,1
59,22,1
60,14,1
61,15,1
62,15,1
63,15,1
64,23,1
65,13,1
66,13,1
67,13,1
68,13,1
69,16,1
70,16,1
71,22,1
72,24,1
73,14,1
74,24,1
75,14,1
76,12,1
77,12,1
78,25,1
79,22,1
80,14,1
81,15,1
82,26,1
83,14,1
84,14,1
85,12,1
86,26,1
87,15,1
88,14,1
89,15,1
90,13,1
91,22,1
92,26,1
93,15,1
94,24,1
95,13,1
96,23,1
97,24,1
98,14,1
99,24,1
100,13,1
101,13,1
102,26,1
103,14,1
104,16,1
105,22,1
106,16,1
107,14,1
108,12,1
109,26,1
110,13,1
111,16,1
112,24,1
113,15,1
114,13,1
115,22,1
116,12,1
117,14,1
118,24,1
119,22,1
120,15,1
121,14,1
122,26,1
123,12,1
124,14,1
125,14,1
126,24,1
127,13,1
128,15,1
129,13,1
130,24,1
131,22,1
132,12,1
133,15,1
134,15,1
135,14,1
136,24,1
137,15,1
138,13,1
139,15,1
140,22,1
141,15,1
142,25,1
143,25,1
144,12,1
145,24,1
146,16,1
147,25,1
148,24,1
149,15,1
150,25,1
151,26,1
152,12,1
153,16,1
154,16,1
155,12,1
156,15,1
157,14,1
158,22,1
159,24,1
160,15,1
161,25,1
162,24,1
163,26,1
164,14,1
165,13,1
166,15,1
167,26,1
168,25,1
169,24,1
170,15,1
171,26,1
172,22,1
173,12,1
174,16,1
175,25,1
176,12,1
177,24,1
178,16,1
179,16,1
180,16,1
181,16,1
182,16,1
183,12,1
184,13,1
185,13,1
186,15,1
187,23,1
188,23,1
189,22,1
190,16,1
191,15,1
192,15,1
193,14,1
194,15,1
195,16,1
196,16,1
197,16,1
198,15,1
199,26,1
200,12,1
201,12,1
202,25,1
203,15,1
204,16,1
205,14,1
206,15,1
207,24,1
208,14,1
209,24,1
210,12,1
211,12,1
212,15,1
213,13,1
214,16,1
215,12,1
216,16,1
217,16,1
218,12,1
219,12,1
220,12,1
221,14,1
222,22,1
223,24,1
224,16,1
225,25,1
226,13,1
227,22,1
228,25,1
229,16,1
230,14,1
231,12,1
232,12,1
233,13,1
234,14,1
235,15,1
236,14,1
237,26,1
238,16,1
239,15,1
240,16,1
241,25,1
242,15,1
243,23,1
244,13,1
245,24,1
246,15,1
247,22,1
248,23,1
249,22,1
250,12,1
251,14,1
252,14,1
253,15,1
254,25,1
255,12,1
256,26,1
257,14,1
258,14,1
259,12,1
260,13,1
261,16,1
262,24,1
263,13,1
264,14,1
265,12,1
266,12,1
267,13,1
268,15,1
269,22,1
270,23,1
271,16,1
272,23,1
273,16,1
274,24,1
275,13,1
276,24,1
277,16,1
278,26,1
279,25,1
280,25,1
281,14,1
282,26,1
283,15,1
284,25,1
285,26,1
286,15,1
287,15,1
288,26,1
289,23,1
290,26,1
291,15,1
292,24,1
293,14,1
294,24,1
295,13,1
296,16,1
297,15,1
298,16,1
299,12,1
300,16,1
301,16,1
302,26,1
303,15,1
304,24,1
305,22,1
306,15,1
307,15,1
308,24,1
309,25,1
310,15,1
311,14,1
312,16,1
313,14,1
314,16,1
315,13,1
316,12,1
317,16,1
318,15,1
319,25,1
320,15,1
321,26,1
322,12,1
323,22,1
324,24,1
325,16,1
326,14,1
327,15,1
328,14,1
329,24,1
330,14,1
331,22,1
332,22,1
333,12,1
334,26,1
335,26,1
336,16,1
337,14,1
338,15,1
339,23,1
340,14,1
341,26,1
342,16,1
343,15,1
344,14,1
345,13,1
346,24,1
347,12,1
348,15,1
349,14,1
350,15,1
351,15,1
352,16,1
353,26,1
354,15,1
355,14,1
356,14,1
357,13,1
358,26,1
359,25,1
360,16,1
361,13,1
362,23,1
363,16,1
364,16,1
365,26,1
366,22,1
367,13,1
368,12,1
369,16,1
370,13,1
371,26,1
372,12,1
373,23,1
374,22,1
375,13,1
376,26,1
377,12,1
378,15,1
379,15,1
380,15,1
381,12,1
382,16,1
383,15,1
384,13,1
385,12,1
386,22,1
387,14,1
388,25,1
389,13,1
390,13,1
391,14,1
392,15,1
393,16,1
394,23,1
395,15,1
396,15,1
397,22,1
398,22,1
399,13,1
400,16,1
401,25,1
402,24,1
403,14,1
404,15,1
405,13,1
406,26,1
407,26,1
408,15,1
409,26,1
410,16,1
411,12,1
412,26,1
413,25,1
414,14,1
415,16,1
416,15,1
417,13,1
418,13,1
419,14,1
420,25,1
421,15,1
422,15,1
423,16,1
424,12,1
425,16,1
426,12,1
427,15,1
428,12,1
429,22,1
430,13,1
431,12,1
432,14,1
433,16,1
434,16,1
435,16,1
436,16,1
437,23,1
438,15,1
439,15,1
440,26,1
441,16,1
442,16,1
443,14,1
444,25,1
445,12,1
446,16,1
447,14,1
448,14,1
449,13,1
450,12,1
451,23,1
452,12,1
453,25,1
454,15,1
455,25,1
456,16,1
457,15,1
458,15,1
459,23,1
460,13,1
461,25,1
462,13,1
463,13,1
464,25,1
465,15,1
466,25,1
467,15,1
468,15,1
469,25,1
470,26,1
471,16,1
472,14,1
473,24,1
474,26,1
475,23,1
476,13,1
477,14,1
478,12,1
479,25,1
480,26,1
481,14,1
482,15,1
483,22,1
484,14,1
485,14,1
486,16,1
487,16,1
488,12,1
489,14,1
490,16,1
491,14,1
492,15,1
493,23,1
494,13,1
495,12,1
496,12,1
497,25,1
498,15,1
499,15,1
500,23,1
501,15,1
502,16,1
503,25,1
504,15,1
505,14,1
506,25,1
507,26,1
508,14,1
509,12,1
510,16,1
511,16,1
512,14,1
513,23,1
514,23,1
515,23,1
516,15,1
517,26,1
518,22,1
519,16,1
520,15,1
521,23,1
522,15,1
523,13,1
524,15,1
525,16,1
526,25,1
527,26,1
528,12,1
529,25,1
530,26,1
531,25,1
532,15,1
533,16,1
534,23,1
535,24,1
536,16,1
537,13,1
538,13,1
539,15,1
540,22,1
541,12,1
542,22,1
543,16,1
544,16,1
545,26,1
546,14,1
547,13,1
548,25,1
549,13,1
550,12,1
551,15,1
552,16,1
553,16,1
554,16,1
555,16,1
556,14,1
557,23,1
558,25,1
559,15,1
560,25,1
561,16,1
562,26,1
563,15,1
564,23,1
565,23,1
566,13,1
567,16,1
568,23,1
569,26,1
570,12,1
571,26,1
572,16,1
573,16,1
574,26,1
575,14,1
576,25,1
577,16,1
578,26,1
579,24,1
580,16,1
581,15,1
582,25,1
583,13,1
584,13,1
585,12,1
586,16,1
587,26,1
588,22,1
589,16,1
590,24,1
591,22,1
592,13,1
593,16,1
594,16,1
595,12,1
596,16,1
597,14,1
598,14,1
599,14,1
600,15,1
601,15,1
602,16,1
603,26,1
604,12,1
605,25,1
606,13,1
607,16,1
608,16,1
609,16,1
610,16,1
611,15,1
612,26,1
613,13,1
614,16,1
615,13,1
616,16,1
617,14,1
618,16,1
619,12,1
620,15,1
621,13,1
622,26,1
623,26,1
624,15,1
625,16,1
626,24,1
627,14,1
628,24,1
629,16,1
630,16,1
631,22,1
632,24,1
633,26,1
634,12,1
635,23,1
636,22,1
637,14,1
638,12,1
639,26,1
640,26,1
641,22,1
642,22,1
643,14,1
644,24,1
645,13,1
646,16,1
647,14,1
648,13,1
649,26,1
650,15,1
651,25,1
652,24,1
653,25,1
654,16,1
655,16,1
656,13,1
657,26,1
658,16,1
659,25,1
660,24,1
661,15,1
662,26,1
663,15,1
664,26,1
665,23,1
666,16,1
667,22,1
668,16,1
669,15,1
670,25,1
671,13,1
672,25,1
673,24,1
674,15,1
675,23,1
676,26,1
677,16,1
678,26,1
679,25,1
680,16,1
681,16,1
682,12,1
683,16,1
684,13,1
685,15,1
686,23,1
687,24,1
688,23,1
689,16,1
690,14,1
691,16,1
692,23,1
693,15,1
694,16,1
695,16,1
696,14,1
697,14,1
698,14,1
699,26,1
700,25,1
701,26,1
702,14,1
703,12,1
704,16,1
705,16,1
706,14,1
707,24,1
708,26,1
709,26,1
710,15,1
711,16,1
712,16,1
713,22,1
714,14,1
715,16,1
716,26,1
717,13,1
718,13,1
719,23,1
720,16,1
721,12,1
722,26,1
723,14,1
724,16,1
725,15,1
726,15,1
727,25,1
728,16,1
729,16,1
730,25,1
731,15,1
732,26,1
733,25,1
734,15,1
735,24,1
736,26,1
737,16,1
738,16,1
739,14,1
740,24,1
741,16,1
742,14,1
743,13,1
744,16,1
745,23,1
746,13,1
747,25,1
748,13,1
749,15,1
750,16,1
751,16,1
752,15,1
753,16,1
754,23,1
755,25,1
756,16,1
757,22,1
758,13,1
759,12,1
760,23,1
761,15,1
762,13,1
763,14,1
764,25,1
765,16,1
766,16,1
767,25,1
768,23,1
769,25,1
770,12,1
771,13,1
772,16,1
773,13,1
774,16,1
775,16,1
776,16,1
777,26,1
778,15,1
779,14,1
780,12,1
781,26,1
782,14,1
783,15,1
784,12,1
785,14,1
786,15,1
787,13,1
788,25,1
789,16,1
790,26,1
791,14,1
792,13,1
793,12,1
794,15,1
795,25,1
796,16,1
797,13,1
798,25,1
799,15,1
800,15,1
801,16,1
802,26,1
803,15,1
804,14,1
805,16,1
806,16,1
807,16,1
808,15,1
809,13,1
810,16,1
811,15,1
812,15,1
813,14,1
814,13,1
815,25,1
816,24,1
817,16,1
818,15,1
819,13,1
820,14,1
821,13,1
822,14,1
823,23,1
824,22,1
825,15,1
826,16,1
827,16,1
828,13,1
829,13,1
830,12,1
831,16,1
832,22,1
833,13,1
834,16,1
835,15,1
836,26,1
837,15,1
838,16,1
839,14,1
840,15,1
841,24,1
842,25,1
843,13,1
844,26,1
845,25,1
846,25,1
847,16,1
848,26,1
849,16,1
850,14,1
851,14,1
852,26,1
853,26,1
854,16,1
855,16,1
856,25,1
857,24,1
858,25,1
859,14,1
860,14,1
861,25,1
862,25,1
863,13,1
864,16,1
865,13,1
866,24,1
867,15,1
868,23,1
869,13,1
870,25,1
871,24,1
872,26,1
873,13,1
874,14,1
875,25,1
876,26,1
877,26,1
878,16,1
879,14,1
880,26,1
881,23,1
882,26,1
883,15,1
884,14,1
885,16,1
886,25,1
887,13,1
888,13,1
889,15,1
890,25,1
891,12,1
892,26,1
893,22,1
894,13,1
895,22,1
896,12,1
897,13,1
898,13,1
899,24,1
900,14,1
901,23,1
902,24,1
903,25,1
904,16,1
905,13,1
906,23,1
907,14,1
908,25,1
909,25,1
910,26,1
911,25,1
912,22,1
913,13,1
914,24,1
915,14,1
916,15,1
917,14,1
918,14,1
919,14,1
920,15,1
921,13,1
922,13,1
923,26,1
924,13,1
925,26,1
926,12,1
927,14,1
928,23,1
929,15,1
930,14,0
931,23,0
932,22,0
933,22,0
934,12,0
935,24,0
936,23,0
937,23,0
938,23,0
939,12,0
940,13,0
941,23,0
942,24,0
943,12,0
944,22,0
945,12,0
946,22,0
947,12,0
948,23,0
949,14,0
950,23,0
951,13,0
952,24,0
953,12,0
954,24,0
955,15,0
956,22,0
957,13,0
958,26,0
959,23,0
960,23,0
961,26,0
962,16,0
963,25,0
964,12,0
965,13,0
966,26,0
967,26,0
968,13,0
969,23,0
970,26,0
971,25,0
972,14,0
973,24,0
974,25,0
975,14,0
976,12,0
977,23,0
978,22,0
979,23,0
980,22,0
981,24,0
982,25,0
983,24,0
984,12,0
985,23,0
986,23,0
987,12,0
988,22,0
989,12,0
990,23,0
991,22,0
992,16,0
993,22,0
994,23,0
995,12,0
996,12,0
997,22,0
998,22,0
999,22,0
1000,12,0
1001,12,0
1002,15,0
1003,13,0
1004,12,0
1005,23,0
1006,13,0
1007,24,0
1008,12,0
1009,14,0
1010,22,0
1011,12,0
1012,12,0
1013,25,0
1014,13,0
1015,12,0
1016,16,0
1017,25,0
1018,25,0
1019,13,0
1020,13,0
1021,23,0
1022,13,0
1023,13,0
1024,13,0
1025,24,0
1026,25,0
1027,22,0
1028,24,0
1029,14,0
1030,23,0
1031,22,0
1032,22,0
1033,12,0
1034,22,0
1035,22,0
1036,23,0
1037,22,0
1038,12,0
1039,22,0
1040,25,0
1041,24,0
1042,13,0
1043,24,0
1044,22,0
1045,22,0
1046,22,0
1047,13,0
1048,24,0
1049,23,0
1050,16,0
1051,12,0
1052,15,0
1053,12,0
1054,24,0
1055,23,0
1056,14,0
1057,22,0
1058,25,0
1059,24,0
1060,14,0
1061,12,0
1062,23,0
1063,22,0
1064,16,0
1065,12,0
1066,12,0
1067,13,0
1068,26,0
1069,12,0
1070,22,0
1071,12,0
1072,13,0
1073,12,0
1074,24,0
1075,12,0
1076,13,0
1077,24,0
1078,24,0
1079,14,0
1080,13,0
1081,12,0
1082,12,0
1083,12,0
1084,22,0
1085,16,0
1086,23,0
1087,12,0
1088,24,0
1089,12,0
1090,22,0
1091,12,0
1092,24,0
1093,25,0
1094,24,0
1095,25,0
1096,24,0
1097,14,0
1098,25,0
1099,12,0
1100,25,0
1101,16,0
1102,23,0
1103,15,0
1104,24,0
1105,24,0
1106,13,0
1107,23,0
1108,25,0
1109,23,0
1110,13,0
1111,22,0
1112,12,0
1113,25,0
1114,24,0
1115,13,0
1116,22,0
1117,22,0
1118,14,0
1119,25,0
1120,22,0
1121,12,0
1122,22,0
1123,22,0
1124,12,0
1125,22,0
1126,24,0
1127,22,0
1128,22,0
1129,22,0
1130,23,0
1131,26,0
1132,24,0
1133,26,0
1134,12,0
1135,24,0
1136,23,0
1137,26,0
1138,23,0
1139,14,0
1140,22,0
1141,22,0
1142,13,0
1143,23,0
1144,24,0
1145,23,0
1146,13,0
1147,13,0
1148,14,0
1149,12,0
1150,23,0
1151,22,0
1152,25,0
1153,24,0
1154,22,0
1155,14,0
1156,26,0
1157,22,0
1158,23,0
1159,15,0
1160,12,0
1161,12,0
1162,25,0
1163,14,0
1164,26,0
1165,22,0
1166,12,0
1167,25,0
1168,14,0
1169,14,0
1170,16,0
1171,25,0
1172,25,0
1173,14,0
1174,13,0
1175,25,0
1176,13,0
1177,24,0
1178,25,0
1179,26,0
1180,14,0
1181,14,0
1182,12,0
1183,25,0
1184,14,0
1185,14,0
1186,14,0
1187,26,0
1188,12,0
1189,13,0
1190,12,0
1191,13,0
1192,13,0
1193,23,0
1194,22,0
1195,23,0
1196,25,0
1197,12,1
1198,24,0
1199,24,0
1200,24,0
1201,24,0
1202,24,0
1203,12,0
1204,25,0
1205,24,0
1206,25,0
1207,13,0
1208,22,0
1209,23,0
1210,14,0
1211,22,0
1212,13,0
1213,23,0
1214,12,0
1215,14,0
1216,15,0
1217,23,0
1218,25,0
1219,25,0
1220,15,0
1221,22,0
1222,25,0
1223,23,0
1224,25,0
1225,14,0
1226,12,0
1227,22,0
1228,14,0
1229,14,0
1230,12,0
1231,12,0
1232,12,0
1233,23,0
1234,14,0
1235,14,0
1236,16,0
1237,23,0
1238,13,0
1239,23,0
1240,12,0
1241,25,0
1242,13,0
1243,12,0
1244,24,0
1245,23,0
1246,13,0
1247,23,0
1248,23,0
1249,23,0
1250,12,0
1251,14,0
1252,23,0
1253,14,0
1254,12,0
1255,13,0
1256,14,0
1257,13,0
1258,23,0
1259,25,0
1260,25,0
1261,16,0
1262,24,0
1263,26,0
1264,14,0
1265,13,0
1266,16,0
1267,13,0
1268,13,0
1269,25,0
1270,15,0
1271,24,0
1272,15,0
1273,24,0
1274,13,0
1275,14,0
1276,26,0
1277,25,0
1278,25,0
1279,15,0
1280,26,0
1281,25,0
1282,24,0
1283,22,0
1284,25,0
1285,16,0
1286,23,0
1287,22,0
1288,22,0
1289,25,0
1290,13,0
1291,14,0
1292,12,0
1293,23,0
1294,15,0
1295,12,0
1296,16,0
1297,22,0
1298,26,0
1299,22,0
1300,13,0
1301,12,0
1302,22,0
1303,22,0
1304,12,0
1305,22,0
1306,12,0
1307,22,0
1308,23,0
1309,14,0
1310,25,0
1311,14,0
1312,23,0
1313,24,0
1314,22,0
1315,16,0
1316,25,0
1317,13,0
1318,12,0
1319,24,0
1320,15,0
1321,23,0
1322,23,0
1323,22,0
1324,26,0
1325,22,0
1326,23,0
1327,24,0
1328,14,0
1329,24,0
1330,14,0
1331,24,0
1332,13,0
1333,13,0
1334,25,0
1335,25,0
1336,22,0
1337,23,0
1338,25,0
1339,23,0
1340,25,0
1341,13,0
1342,26,0
1343,14,0
1344,16,0
1345,26,0
1346,15,0
1347,25,0
1348,16,0
1349,25,0
1350,14,0
1351,24,0
1352,13,0
1353,12,0
1354,13,0
1355,16,0
1356,24,0
1357,26,0
1358,26,0
1359,14,0
1360,24,0
1361,26,0
1362,24,0
1363,12,0
1364,24,0
1365,14,0
1366,12,0
1367,14,0
1368,24,0
1369,16,0
1370,12,0
1371,22,0
1372,22,0
1373,26,0
1374,12,0
1375,25,0
1376,23,0
1377,26,0
1378,16,0
1379,12,0
1380,12,0
1381,22,0
1382,25,0
1383,22,0
1384,25,0
1385,22,0
1386,22,0
1387,12,0
1388,14,0
1389,25,0
1390,14,0
1391,13,0
1392,12,0
1393,12,0
1394,12,0
1395,23,0
1396,15,0
1397,26,0
1398,24,0
1399,15,0
1400,23,0
1401,13,0
1402,23,0
1403,23,0
1404,25,0
1405,25,0
1406,16,0
1407,25,0
1408,24,0
1409,26,0
1410,25,0
1411,12,0
1412,13,0
1413,14,0
1414,15,0
1415,12,0
1416,25,0
1417,24,0
1418,23,0
1419,14,0
1420,23,0
1421,25,0
1422,12,0
1423,15,0
1424,25,0
1425,24,0
1426,15,0
1427,14,0
1428,16,0
1429,24,0
1430,25,0
1431,26,0
1432,26,0
1433,25,0
1434,13,0
1435,26,0
1436,26,0
1437,25,0
1438,24,0
1439,25,0
1440,24,0
1441,14,0
1442,13,0
1443,13,0
1444,14,0
1445,16,0
1446,14,0
1447,14,0
1448,26,0
1449,14,0
1450,26,0
1451,15,0
1452,25,0
1453,22,0
1454,14,0
1455,24,0
1456,15,0
1457,24,0
1458,26,0
1459,25,0
1460,12,0
1461,22,0
1462,12,0
1463,24,0
1464,22,0
1465,22,0
1466,23,0
1467,22,0
1468,15,0
1469,16,0
1470,24,0
1471,15,0
1472,12,0
1473,24,0
1474,13,0
1475,24,0
1476,22,0
1477,12,0
1478,24,0
1479,12,0
1480,12,0
1481,24,0
1482,13,0
1483,26,0
1484,26,0
1485,23,0
1486,15,0
1487,22,0
1488,12,0
1489,26,0
1490,23,0
1491,25,0
1492,24,0
1493,13,0
1494,14,0
1495,24,0
1496,14,0
1497,24,0
1498,13,0
1499,12,0
1500,23,0
1501,23,0
1502,22,0
1503,25,0
1504,24,0
1505,23,0
1506,25,0
1507,15,0
1508,23,0
1509,25,0
1510,13,0
1511,24,0
1512,14,0
1513,15,0
1514,13,0
1515,14,0
1516,15,0
1517,13,0
1518,25,0
1519,15,0
1520,25,0
1521,23,0
1522,16,0
1523,26,0
1524,26,0
1525,15,0
1526,14,0
1527,15,0
1528,13,0
1529,14,0
1530,16,0
1531,25,0
1532,12,0
1533,23,0
1534,13,0
1535,25,0
1536,13,0
1537,24,0
1538,25,0
1539,22,0
1540,22,0
1541,12,0
1542,24,0
1543,23,0
1544,24,0
1545,12,0
1546,22,0
1547,25,0
1548,22,0
1549,24,0
1550,14,0
1551,16,0
1552,23,0
1553,13,0
1554,12,0
1555,25,0
1556,15,0
1557,15,0
1558,26,0
1559,16,0
1560,22,0
1561,22,0
1562,12,0
1563,24,0
1564,23,0
1565,16,0
1566,16,0
1567,24,0
1568,13,0
1569,24,0
1570,13,0
1571,15,0
1572,14,0
1573,12,0
1574,12,0
1575,24,0
1576,14,0
1577,26,0
1578,22,0
1579,22,0
1580,12,0
1581,15,0
1582,23,0
1583,14,0
1584,14,0
1585,26,0
1586,15,0
1587,23,0
1588,15,0
1589,24,0
1590,24,0
1591,22,0
1592,16,0
1593,14,0
1594,26,0
1595,26,0
1596,25,0
1597,16,0
1598,25,0
1599,26,0
1600,24,0
1601,25,0
1602,24,0
1603,25,0
1604,25,0
1605,16,0
1606,26,0
1607,14,0
1608,16,0
1609,15,0
1610,25,0
1611,14,0
1612,15,0
1613,25,0
1614,25,0
1615,13,0
1616,13,0
1617,25,0
1618,25,0
1619,14,0
1620,25,0
1621,25,0
1622,23,0
1623,12,0
1624,22,0
1625,12,0
1626,12,0
1627,13,0
1628,22,0
1629,12,0
1630,14,0
1631,26,0
1632,12,0
1633,12,0
1634,23,0
1635,15,0
1636,25,0
1637,23,0
1638,13,0
1639,12,0
1640,22,0
1641,12,0
1642,24,0
1643,25,0
1644,25,0
1645,24,0
1646,24,0
1647,25,0
1648,13,0
1649,14,0
1650,15,0
1651,23,0
1652,26,0
1653,23,0
1654,22,0
1655,12,0
1656,23,0
1657,25,0
1658,24,0
1659,14,0
1660,15,0
1661,25,0
1662,14,0
1663,12,0
1664,26,0
1665,14,0
1666,16,0
1667,22,0
1668,12,0
1669,23,0
1670,25,0
1671,12,0
1672,24,0
1673,23,0
1674,22,0
1675,13,0
1676,15,0
1677,24,0
1678,16,0
1679,16,0
1680,25,0
1681,26,0
1682,14,0
1683,14,0
1684,25,0
1685,26,0
1686,25,0
1687,24,0
1688,25,0
1689,14,0
1690,26,0
1691,25,0
1692,26,0
1693,26,0
1694,25,0
1695,16,0
1696,25,0
1697,14,0
1698,13,0
1699,25,0
1700,14,0
1701,15,0
1702,26,0
1703,25,0
1704,26,0
1705,12,0
1706,25,0
1707,24,0
1708,25,0
1709,22,0
1710,12,0
1711,25,0
1712,12,0
1713,24,0
1714,25,0
1715,24,0
1716,23,0
1717,26,0
1718,22,0
1719,25,0
1720,24,0
1721,25,0
1722,23,0
1723,13,0
1724,24,0
1725,25,0
1726,22,0
1727,22,0
1728,24,0
1729,12,0
1730,22,0
1731,22,0
1732,22,0
1733,26,0
1734,24,0
1735,26,0
1736,14,0
1737,25,0
1738,24,0
1739,23,0
1740,22,0
1741,16,0
1742,25,0
1743,25,0
1744,12,0
1745,15,0
1746,23,0
1747,13,0
1748,24,0
1749,14,0
1750,22,0
1751,15,0
1752,13,0
1753,22,0
1754,26,0
1755,13,0
1756,22,0
1757,15,0
1758,15,0
1759,24,0
1760,16,0
1761,26,0
1762,25,0
1763,13,0
1764,26,0
1765,15,0
1766,16,0
1767,26,0
1768,26,0
1769,14,0
1770,16,0
1771,26,0
1772,14,0
1773,26,0
1774,25,0
1775,15,0
1776,14,0
1777,16,0
1778,25,0
1779,15,0
1780,26,0
1781,26,0
1782,13,0
1783,14,0
1784,14,1
1785,26,0
1786,12,0
1787,14,0
1788,15,0
1789,16,0
1790,25,0
1791,14,0
1792,14,0
1793,26,0
1794,26,0
1795,15,0
1796,25,0
1797,13,0
1798,25,0
1799,25,0
1800,13,0
1801,22,0
1802,13,0
1803,12,0
1804,13,0
1805,12,0
1806,22,0
1807,14,0
1808,16,0
1809,12,0
1810,22,0
1811,22,0
1812,24,0
1813,15,0
1814,12,0
1815,25,0
1816,24,0
1817,22,0
1818,12,0
1819,14,0
1820,22,0
1821,24,0
1822,25,0
1823,25,0
1824,25,0
1825,23,0
1826,22,0
1827,15,0
1828,25,0
1829,26,0
1830,13,0
1831,26,0
1832,13,0
1833,16,0
1834,14,0
1835,13,0
1836,23,0
1837,22,0
1838,16,0
1839,25,0
1840,15,0
1841,14,0
1842,15,0
1843,26,0
1844,25,0
1845,25,0
1846,25,0
1847,23,0
1848,26,0
1849,24,0
1850,25,0
1851,26,0
1852,25,0
1853,16,0
1854,25,0
1855,15,0
1856,13,0
1857,15,0
1858,14,0
1859,15,0
1860,25,0
1861,13,0
1862,26,0
1863,26,0
1864,26,0
1865,25,0
1866,25,0
1867,15,0
1868,15,0
1869,14,0
1870,15,0
1871,26,0
1872,26,0
1873,13,0
1874,15,0
1875,23,0
1876,22,0
1877,12,1
1878,12,0
1879,12,0
1880,22,0
1881,24,0
1882,14,0
1883,26,0
1884,14,0
1885,24,0
1886,23,0
1887,22,0
1888,23,0
1889,12,0
1890,22,0
1891,22,0
1892,22,0
1893,24,0
1894,22,0
1895,13,1
1896,13,0
1897,13,0
1898,24,0
1899,24,0
1900,12,0
1901,25,0
1902,16,0
1903,26,0
1904,15,0
1905,24,0
1906,25,0
1907,12,0
1908,22,0
1909,24,0
1910,22,0
1911,12,0
1912,26,0
1913,25,0
1914,15,0
1915,25,0
1916,24,0
1917,26,0
1918,26,0
1919,24,0
1920,25,1
1921,15,0
1922,15,0
1923,15,0
1924,26,0
1925,15,0
1926,16,0
1927,15,0
1928,26,0
1929,14,0
1930,15,0
1931,26,0
1932,14,0
1933,25,0
1934,16,0
1935,15,0
1936,26,0
1937,13,0
1938,12,0
1939,24,0
1940,22,0
1941,12,1
1942,14,0
1943,12,0
1944,22,0
1945,25,0
1946,15,0
1947,15,0
1948,25,0
1949,22,0
1950,25,0
1951,22,0
1952,22,0
1953,14,1
1954,15,0
1955,26,0
1956,25,0
1957,25,0
1958,12,0
1959,13,0
1960,24,0
1961,12,0
1962,13,0
1963,12,0
1964,13,0
1965,24,0
1966,13,0
1967,26,0
1968,16,0
1969,23,0
1970,23,0
1971,24,0
1972,25,0
1973,13,0
1974,24,0
1975,24,0
1976,14,0
1977,13,0
1978,24,0
1979,25,0
1980,13,0
1981,16,0
1982,26,0
1983,16,0
1984,26,0
1985,15,0
1986,25,0
1987,26,0
1988,25,0
1989,25,0
1990,24,0
1991,24,0
1992,12,0
1993,15,1
1994,16,0
1995,25,0
1996,26,0
1997,15,0
1998,13,0
1999,15,0
2000,16,0
2001,14,0
2002,12,0
2003,15,0
2004,14,0
2005,13,1
2006,16,0
2007,16,0
2008,24,0
2009,12,0
2010,22,0
2011,12,0
2012,13,0
2013,25,0
2014,22,0
2015,23,0
2016,15,0
2017,15,0
2018,25,0
2019,14,0
2020,12,0
2021,25,0
2022,23,0
2023,26,0
2024,14,0
2025,25,0
2026,14,0
2027,16,0
2028,14,0
2029,25,0
2030,25,0
2031,24,0
2032,24,0
2033,12,0
2034,16,0
2035,12,0
2036,16,0
2037,25,0
2038,16,0
2039,16,0
2040,26,0
2041,26,0
2042,25,0
2043,25,0
2044,26,0
2045,26,0
2046,26,0
2047,25,0
2048,25,0
2049,25,0
2050,14,0
2051,25,0
2052,22,0
2053,12,1
2054,24,0
2055,22,1
2056,23,0
2057,22,0
2058,16,0
2059,13,0
2060,12,1
2061,25,0
2062,12,0
2063,16,0
2064,25,0
2065,26,0
2066,15,0
2067,25,0
2068,14,0
2069,16,0
2070,16,0
2071,25,0
2072,26,0
2073,15,0
2074,16,0
2075,15,0
2076,23,0
2077,16,0
2078,13,0
2079,13,0
2080,15,0
2081,26,0
2082,15,0
2083,15,0
2084,12,0
2085,25,0
2086,12,0
2087,14,0
2088,24,0
2089,22,0
2090,15,0
2091,22,0
2092,25,0
2093,22,0
2094,16,0
2095,22,0
2096,22,0
2097,25,0
2098,14,1
2099,24,0
2100,16,0
2101,14,0
2102,12,0
2103,15,0
2104,16,0
2105,12,0
2106,25,0
2107,12,0
2108,24,0
2109,23,1
2110,15,0
2111,24,0
2112,13,0
2113,15,0
2114,26,0
2115,13,0
2116,23,0
2117,26,0
2118,15,0
2119,26,0
2120,16,0
2121,15,0
2122,16,1
2123,26,0
2124,25,0
2125,15,0
2126,25,0
2127,16,0
2128,26,0
2129,26,0
2130,26,0
2131,26,0
2132,25,0
2133,15,0
2134,25,0
2135,24,0
2136,22,0
2137,15,1
2138,12,0
2139,22,0
2140,13,0
2141,13,1
2142,16,0
2143,25,0
2144,22,0
2145,24,0
2146,13,1
2147,22,0
2148,12,0
2149,24,0
2150,25,0
2151,24,0
2152,12,0
2153,24,0
2154,13,0
2155,22,0
2156,24,0
2157,26,0
2158,26,0
2159,25,0
2160,26,0
2161,14,0
2162,13,1
2163,26,0
2164,15,0
2165,12,0
2166,25,0
2167,13,1
2168,26,1
2169,25,0
2170,16,0
2171,24,0
2172,16,0
2173,16,0
2174,15,1
2175,15,0
2176,26,0
2177,14,0
2178,14,0
2179,25,0
2180,14,1
2181,26,0
2182,15,0
2183,15,0
2184,26,0
2185,13,0
2186,13,0
2187,12,0
2188,23,0
2189,25,0
2190,22,0
2191,23,0
2192,14,0
2193,22,0
2194,26,0
2195,22,0
2196,13,0
2197,25,0
2198,12,1
2199,12,0
2200,23,0
2201,15,1
2202,26,1
2203,23,0
2204,25,0
2205,16,0
2206,14,0
2207,14,0
2208,15,0
2209,24,0
2210,26,0
2211,16,0
2212,25,0
2213,15,0
2214,24,0
2215,14,0
2216,26,0
2217,25,0
2218,15,0
2219,26,1
2220,26,0
2221,25,0
2222,26,0
2223,13,0
2224,16,1
2225,16,0
2226,25,0
2227,23,0
2228,12,0
2229,14,0
2230,13,0
2231,22,0
2232,12,1
2233,25,0
2234,25,0
2235,14,0
2236,26,0
2237,25,0
2238,22,0
2239,15,0
2240,25,0
2241,22,0
2242,23,0
2243,15,0
2244,14,0
2245,25,0
2246,25,0
2247,13,0
2248,24,0
2249,14,1
2250,13,1
2251,25,0
2252,13,1
2253,26,0
2254,16,0
2255,15,0
2256,26,0
2257,16,0
2258,26,0
2259,14,1
2260,24,0
2261,15,0
2262,16,0
2263,13,0
2264,23,0
2265,12,0
2266,12,0
2267,12,0
2268,24,0
2269,22,0
2270,12,0
2271,13,0
2272,12,0
2273,25,0
2274,13,0
2275,22,0
2276,22,1
2277,15,1
2278,24,0
2279,23,0
2280,15,0
2281,24,0
2282,26,0
2283,15,0
2284,25,1
2285,26,0
2286,26,0
2287,16,0
2288,26,0
2289,15,0
2290,16,0
2291,15,0
2292,13,0
2293,14,0
2294,25,0
2295,25,0
2296,14,1
2297,25,0
2298,12,1
2299,24,0
2300,23,0
2301,14,1
2302,23,0
2303,12,0
2304,26,0
2305,13,0
2306,23,0
2307,12,0
2308,24,0
2309,12,1
2310,12,1
2311,12,0
2312,22,0
2313,24,0
2314,24,0
2315,15,0
2316,25,0
2317,16,0
2318,23,0
2319,16,0
2320,16,0
2321,24,0
2322,15,1
2323,16,0
2324,14,0
2325,14,0
2326,13,0
2327,23,1
2328,26,1
2329,15,0
2330,16,0
2331,24,0
2332,14,0
2333,26,0
2334,13,0
2335,12,1
2336,12,1
2337,13,0
2338,12,0
2339,12,0
2340,12,0
2341,14,0
2342,12,1
2343,12,0
2344,26,0
2345,22,1
2346,15,0
2347,14,1
2348,22,0
2349,15,1
2350,14,1
2351,15,0
2352,26,0
2353,26,0
2354,15,0
2355,24,0
2356,25,0
2357,14,1
2358,15,1
2359,23,0
2360,15,0
2361,25,0
2362,26,0
2363,12,0
2364,24,0
2365,12,1
2366,13,0
2367,22,0
2368,14,1
2369,14,1
2370,24,1
2371,15,0
2372,15,0
2373,16,0
2374,26,1
2375,14,0
2376,15,0
2377,25,0
2378,15,0
2379,12,0
2380,26,0
2381,14,0
2382,16,0
2383,24,0
2384,26,0
2385,26,0
2386,26,0
2387,12,0
2388,25,1
2389,16,0
2390,26,0
2391,16,0
2392,15,1
2393,16,0
2394,15,0
2395,16,0
2396,14,1
2397,22,0
2398,25,1
2399,12,0
2400,24,0
2401,13,1
2402,12,0
2403,26,0
2404,22,0
2405,15,0
2406,24,0
2407,13,0
2408,25,0
2409,16,0
2410,26,1
2411,13,1
2412,23,0
2413,25,0
2414,25,0
2415,22,0
2416,12,1
2417,13,0
2418,22,0
2419,12,1
2420,26,1
2421,14,1
2422,24,0
2423,12,0
2424,15,1
2425,24,0
2426,24,0
2427,24,0
2428,14,0
2429,24,0
2430,23,0
2431,15,0
2432,15,1
2433,25,0
2434,23,0
2435,15,1
2436,26,0
2437,25,0
2438,24,0
2439,26,0
2440,16,0
2441,12,0
2442,25,1
2443,15,0
2444,22,0
2445,23,0
2446,13,1
2447,15,1
2448,12,0
2449,24,0
2450,25,0
2451,14,1
2452,22,0
2453,15,0
2454,23,0
2455,16,1
2456,24,0
2457,15,1
2458,13,0
2459,25,0
2460,13,0
2461,13,0
2462,26,0
2463,25,1
2464,25,0
2465,15,0
2466,12,0
2467,16,0
2468,25,0
2469,15,0
2470,25,0
2471,22,0
2472,24,0
2473,25,0
2474,12,0
2475,15,0
2476,24,0
2477,13,1
2478,23,1
2479,13,1
2480,13,0
2481,14,1
2482,14,0
2483,24,1
2484,24,1
2485,24,0
2486,12,1
2487,24,0
2488,25,0
2489,26,0
2490,26,0
2491,12,0
2492,13,0
2493,22,0
2494,16,0
2495,26,1
2496,26,0
2497,15,0
2498,14,1
2499,16,0
2500,25,1
2501,13,1
2502,12,0
2503,22,1
2504,23,1
2505,14,1
2506,24,0
2507,22,0
2508,23,0
2509,24,1
2510,25,1
2511,16,1
2512,25,0
2513,25,0
2514,15,1
2515,24,1
2516,26,0
2517,15,0
2518,16,0
2519,26,1
2520,16,0
2521,22,0
2522,26,0
2523,26,0
2524,16,0
2525,16,1
2526,25,0
2527,12,1
2528,12,0
2529,24,1
2530,22,0
2531,22,0
2532,22,0
2533,26,1
2534,13,1
2535,24,0
2536,13,0
2537,13,0
2538,12,1
2539,25,1
2540,15,1
2541,24,0
2542,14,1
2543,24,1
2544,22,0
2545,14,0
2546,15,0
2547,14,0
2548,25,0
2549,16,1
2550,15,0
2551,26,0
2552,12,0
2553,26,0
2554,16,1
2555,26,0
2556,16,0
2557,25,0
2558,24,1
2559,15,1
2560,25,1
2561,16,1
2562,13,0
2563,23,0
2564,13,0
2565,25,0
2566,24,0
2567,12,1
2568,12,1
2569,23,1
2570,23,0
2571,24,0
2572,13,1
2573,23,1
2574,22,1
2575,22,1
2576,15,1
2577,22,0
2578,16,0
2579,14,1
2580,25,0
2581,24,0
2582,23,0
2583,24,0
2584,24,0
2585,16,1
2586,26,1
2587,16,0
2588,25,0
2589,15,1
2590,24,0
2591,26,1
2592,26,1
2593,16,1
2594,15,1
2595,26,1
2596,22,0
2597,25,1
2598,22,0
2599,24,1
2600,22,1
2601,22,1
2602,12,0
2603,14,0
2604,25,0
2605,13,0
2606,25,1
2607,13,1
2608,26,0
2609,23,0
2610,13,1
2611,25,0
2612,23,1
2613,16,1
2614,24,0
2615,25,1
2616,26,0
2617,22,1
2618,12,1
2619,25,1
2620,22,0
2621,25,1
2622,23,1
2623,26,1
2624,26,0
2625,26,1
2626,26,0
2627,16,0
2628,26,1
2629,15,1
2630,23,0
2631,14,0
2632,15,1
2633,25,0
2634,26,1
2635,16,1
2636,25,1
2637,13,1
2638,12,0
2639,22,0
2640,25,1
2641,12,1
2642,12,1
2643,25,1
2644,16,0
2645,25,1
2646,24,1
2647,14,1
2648,22,0
2649,13,1
2650,12,1
2651,13,1
2652,14,0
2653,25,0
2654,14,1
2655,22,0
2656,25,0
2657,16,1
2658,14,1
2659,16,0
2660,16,1
2661,25,1
2662,16,0
2663,25,1
2664,15,1
2665,15,1
2666,16,1
2667,12,1
2668,12,1
2669,25,1
2670,23,0
2671,13,0
2672,16,1
2673,14,1
2674,15,1
2675,24,1
2676,26,0
2677,25,0
2678,25,1
2679,16,1
2680,23,0
2681,16,0
2682,26,1
2683,12,0
2684,26,0
2685,16,1
2686,26,0
2687,25,0
2688,25,0
2689,12,0
2690,12,1
2691,22,0
2692,25,1
2693,24,0
2694,13,1
2695,15,1
2696,24,1
2697,15,1
2698,22,0
2699,24,0
2700,16,1
2701,13,1
2702,12,1
2703,22,1
2704,13,0
2705,13,0
2706,24,1
2707,24,1
2708,26,0
2709,15,1
2710,14,0
2711,13,1
2712,16,0
2713,26,0
2714,15,1
2715,22,0
2716,26,1
2717,15,0
2718,24,1
2719,15,0
2720,25,1
2721,26,0
2722,25,0
2723,23,0
2724,13,0
2725,22,1
2726,15,1
2727,26,0
2728,15,1
2729,16,1
2730,14,0
2731,15,0
2732,14,0
2733,15,1
2734,16,1
2735,15,1
2736,25,1
2737,15,0
2738,26,1
2739,16,0
2740,26,1
2741,16,1
2742,16,1
2743,26,1
2744,15,1
2745,15,1
2746,12,0
2747,14,1
2748,23,0
2749,25,0
2750,15,1
2751,26,1
2752,14,0
2753,12,1
2754,12,1
2755,25,0
2756,15,1
2757,26,0
2758,15,1
2759,16,0
2760,26,1
2761,13,0
2762,25,1
2763,26,1
2764,15,1
2765,26,1
2766,16,1
2767,16,0
2768,14,1
2769,13,1
2770,25,1
2771,12,0
2772,25,1
2773,13,1
2774,25,1
2775,25,1
2776,12,0
2777,26,0
2778,25,0
2779,14,1
2780,15,1
2781,26,0
2782,26,1
2783,15,1
2784,15,1
2785,15,1
2786,16,0
2787,13,1
2788,16,1
2789,16,0
2790,25,0
2791,26,1
2792,26,1
2793,16,0
2794,13,0
2795,12,0
2796,14,1
2797,24,1
2798,24,1
2799,23,1
2800,15,1
2801,24,0
2802,13,1
2803,13,0
2804,14,1
2805,25,1
2806,25,1
2807,15,1
2808,12,1
2809,13,0
2810,15,1
2811,16,1
2812,26,0
2813,26,0
2814,16,1
2815,25,0
2816,26,1
2817,16,1
2818,16,1
2819,25,0
2820,16,1
2821,14,1
2822,26,1
2823,15,0
2824,15,1
2825,15,1
2826,22,0
2827,12,1
2828,12,0
2829,12,0
2830,15,0
2831,24,0
2832,22,0
2833,24,1
2834,14,0
2835,13,1
2836,12,0
2837,24,1
2838,16,1
2839,14,1
2840,12,1
2841,26,1
2842,23,0
2843,22,0
2844,25,0
2845,23,0
2846,15,1
2847,16,1
2848,15,0
2849,15,1
2850,16,0
2851,23,1
2852,23,1
2853,16,1
2854,25,1
2855,24,1
2856,13,1
2857,25,0
2858,26,0
2859,14,1
2860,14,0
2861,14,1
2862,15,1
2863,16,1
2864,15,1
2865,16,1
2866,24,1
2867,14,0
2868,26,1
2869,26,1
2870,25,1
2871,25,1
2872,25,1
2873,13,1
2874,13,1
2875,25,0
2876,26,0
2877,26,1
2878,12,0
2879,13,0
2880,16,1
2881,23,0
2882,25,1
2883,15,1
2884,15,1
2885,16,1
2886,26,1
2887,15,0
2888,16,0
2889,25,0
2890,16,1
2891,13,0
2892,16,1
2893,15,1
2894,25,1
2895,15,1
2896,15,1
2897,22,0
2898,22,0
2899,12,0
2900,16,0
2901,12,0
2902,12,0
2903,14,1
2904,14,0
2905,12,1
2906,24,1
2907,15,0
2908,24,0
2909,25,1
2910,25,1
2911,25,1
2912,25,1
2913,25,0
2914,25,0
2915,16,1
2916,26,0
2917,15,1
2918,15,1
2919,12,0
2920,26,1
2921,12,1
2922,26,1
2923,26,0
2924,16,0
2925,22,0
2926,16,1
2927,15,1
2928,25,1
2929,16,1
2930,15,1
2931,26,1
2932,26,0
2933,15,1
2934,25,1
2935,22,0
2936,12,1
2937,22,1
2938,12,0
2939,14,1
2940,16,1
2941,25,1
2942,22,0
2943,12,1
2944,14,0
2945,24,0
2946,25,1
2947,24,1
2948,15,0
2949,26,1
2950,16,1
2951,26,1
2952,15,0
2953,25,1
2954,16,1
2955,25,1
2956,16,1
2957,15,1
2958,24,0
2959,25,1
2960,15,1
2961,25,1
2962,23,1
2963,25,1
2964,15,1
2965,15,1
2966,15,1
2967,16,0
2968,26,1
2969,25,0
2970,24,1
2971,16,1
2972,26,1
2973,15,0
2974,15,1
2975,15,1
2976,23,1
2977,25,1
2978,22,0
2979,13,1
2980,13,1
2981,13,1
2982,13,1
2983,24,0
2984,15,1
2985,14,1
2986,12,0
2987,26,1
2988,16,1
2989,16,0
2990,25,1
2991,14,1
2992,25,1
2993,26,1
2994,12,0
2995,26,1
2996,15,0
2997,16,1
2998,26,0
2999,23,1
3000,13,0
3001,14,1
3002,16,0
3003,26,1
3004,15,1
3005,25,1
3006,16,1
3007,14,1
3008,25,1
3009,16,1
3010,12,0
3011,23,0
3012,16,1
3013,15,1
3014,14,1
3015,22,0
3016,22,0
3017,22,1
3018,25,1
3019,25,1
3020,14,1
3021,26,1
3022,12,0
3023,22,1
3024,24,0
3025,13,1
3026,16,1
3027,26,1
3028,16,1
3029,25,0
3030,25,1
3031,16,1
3032,15,1
3033,12,1
3034,15,0
3035,26,0
3036,25,0
3037,26,0
3038,15,1
3039,24,1
3040,25,0
3041,22,0
3042,25,0
3043,15,1
3044,24,0
3045,15,1
3046,16,1
3047,16,1
3048,16,1
3049,15,1
3050,26,0
3051,24,1
3052,22,0
3053,26,1
3054,23,0
3055,25,1
3056,26,1
3057,14,1
3058,14,1
3059,15,1
3060,24,1
3061,15,1
3062,26,1
3063,15,0
3064,25,1
3065,16,1
3066,16,0
3067,13,1
3068,26,1
3069,13,1
3070,12,0
3071,15,1
3072,22,0
3073,24,1
3074,16,0
3075,14,1
3076,25,1
3077,15,1
3078,15,1
3079,14,1
3080,16,1
3081,15,1
3082,25,0
3083,16,1
3084,13,1
3085,15,0
3086,26,1
3087,22,1
3088,12,0
3089,15,1
3090,14,0
3091,24,1
3092,24,1
3093,24,0
3094,16,0
3095,16,1
3096,16,1
3097,25,1
3098,26,1
3099,14,1
3100,26,0
3101,24,1
3102,23,0
3103,24,1
3104,16,1
3105,15,1
3106,16,1
3107,14,0
3108,24,1
3109,26,1
3110,14,0
3111,25,1
3112,16,1
3113,14,1
3114,23,1
3115,14,1
3116,24,1
3117,25,1
3118,16,1
3119,26,0
3120,26,0
3121,16,1
3122,16,1
3123,26,1
3124,26,1
3125,14,0
3126,26,1
3127,24,0
3128,26,1
3129,16,1
3130,14,1
3131,16,1
3132,14,0
3133,26,1
3134,14,1
3135,15,1
3136,26,1
3137,26,1
3138,25,1
3139,16,1
3140,15,1
3141,14,1
3142,16,1
3143,26,1
3144,13,1
3145,12,1
3146,26,1
3147,25,0
3148,12,0
3149,26,1
3150,24,1
3151,12,1
3152,13,0
3153,23,1
3154,12,1
3155,25,0
3156,23,1
3157,14,1
3158,26,1
3159,16,1
3160,24,0
3161,14,1
3162,26,1
3163,15,0
3164,14,0
3165,25,1
3166,15,1
3167,14,1
3168,25,1
3169,15,1
3170,15,1
3171,16,1
3172,25,1
3173,24,0
3174,25,1
3175,25,1
3176,26,1
3177,13,0
3178,12,1
3179,15,1
3180,16,1
3181,15,1
3182,26,0
3183,16,1
3184,14,1
3185,22,1
3186,24,0
3187,25,1
3188,12,0
3189,16,1
3190,25,1
3191,16,1
3192,25,1
3193,24,1
3194,12,0
3195,15,1
3196,15,0
3197,15,1
3198,25,1
3199,26,1
3200,25,1
3201,13,1
3202,16,1
3203,24,1
3204,24,1
3205,16,1
3206,15,1
3207,16,1
3208,14,1
3209,16,1
3210,26,1
3211,16,1
3212,25,1
3213,15,1
3214,13,1
3215,16,0
3216,24,1
3217,15,1
3218,14,1
3219,14,1
3220,15,0
3221,16,1
3222,26,0
3223,16,1
3224,15,1
3225,25,0
3226,23,1
3227,15,1
3228,22,0
3229,16,1
3230,16,1
3231,15,1
3232,26,0
3233,22,1
3234,12,1
3235,22,0
3236,16,1
3237,16,0
3238,14,1
3239,22,1
3240,24,0
3241,26,0
3242,25,1
3243,15,1
3244,24,0
3245,13,0
3246,26,1
3247,26,1
3248,25,0
3249,12,0
3250,16,1
3251,25,1
3252,25,1
3253,14,1
3254,14,1
3255,13,1
3256,26,1
3257,12,1
3258,25,0
3259,13,1
3260,26,1
3261,14,0
3262,24,1
3263,25,1
3264,15,1
3265,13,0
3266,26,1
3267,16,1
3268,16,1
3269,16,1
3270,26,1
3271,16,0
3272,12,0
3273,22,1
3274,15,1
3275,26,1
3276,16,0
3277,16,1
3278,14,1
3279,16,1
3280,16,1
3281,26,1
3282,16,0
3283,25,0
3284,16,1
3285,12,0
3286,12,0
3287,16,1
3288,16,1
3289,25,0
3290,16,1
3291,16,1
3292,15,1
3293,14,1
3294,24,1
3295,16,1
3296,16,1
3297,23,0
3298,15,0
3299,25,1
3300,13,0
3301,16,1
3302,12,1
3303,23,1
3304,15,1
3305,26,1
3306,16,1
3307,15,1
3308,14,0
3309,16,1
3310,14,0
3311,26,0
3312,14,1
3313,26,0
3314,15,1
3315,24,1
3316,25,1
3317,22,0
3318,16,1
3319,26,0
3320,16,1
3321,15,1
3322,14,0
3323,26,1
3324,24,1
3325,23,0
3326,16,1
3327,16,1
3328,26,1
3329,14,0
3330,26,0
3331,14,0
3332,25,1
3333,13,1
3334,25,0
3335,26,1
3336,16,1
3337,25,0
3338,26,1
3339,23,1
3340,16,1
3341,12,1
3342,25,1
3343,15,1
3344,12,1
3345,24,0
3346,26,1
3347,16,1
3348,15,1
3349,16,1
3350,15,1
3351,12,0
3352,26,1
3353,15,1
3354,15,1
3355,16,1
3356,16,1
3357,24,1
3358,14,1
3359,24,1
3360,26,0
3361,26,1
3362,16,0
3363,26,0
3364,16,1
3365,24,1
3366,14,1
3367,12,1
3368,14,1
3369,15,1
3370,16,1
3371,25,1
3372,16,1
3373,25,0
3374,15,1
3375,16,1
3376,23,0
3377,25,1
3378,16,1
3379,24,1
3380,16,1
3381,16,1
3382,13,1
3383,14,1
3384,13,1
3385,13,1
3386,26,0
3387,25,1
3388,15,0
3389,24,1
3390,14,1
3391,26,1
3392,15,1
3393,16,1
3394,15,1
3395,16,0
3396,25,1
3397,12,1
3398,15,1
3399,16,1
3400,22,1
3401,12,0
3402,14,0
3403,16,1
3404,15,1
3405,16,1
3406,25,1
3407,12,0
3408,15,1
3409,12,0
3410,16,0
3411,14,1
3412,25,0
3413,16,1
3414,13,0
3415,26,1
3416,14,1
3417,14,1
3418,15,1
3419,26,1
3420,15,0
3421,22,0
3422,26,1
3423,16,1
3424,15,1
3425,24,0
3426,16,1
3427,14,1
3428,12,1
3429,23,0
3430,14,1
3431,16,1
3432,15,1
3433,12,1
3434,16,1
3435,24,0
3436,23,0
3437,14,0
3438,26,1
3439,16,1
3440,16,1
3441,12,1
3442,14,0
3443,16,1
3444,23,0
3445,24,0
3446,24,0
3447,15,1
3448,16,0
3449,15,0
3450,22,0
3451,14,1
3452,25,1
3453,16,1
3454,25,1
3455,15,1
3456,12,1
3457,26,1
3458,13,1
3459,26,0
3460,12,1
3461,16,1
3462,25,1
3463,26,1
3464,14,1
3465,25,0
3466,26,0
3467,16,1
3468,15,1
3469,25,0
3470,15,1
3471,12,1
3472,24,1
3473,16,1
3474,13,1
3475,24,0
3476,15,1
3477,24,0
3478,22,1
3479,13,1
3480,12,0
3481,13,0
3482,12,1
3483,22,0
3484,14,0
3485,14,1
3486,25,1
3487,26,1
3488,16,1
3489,25,1
3490,13,0
3491,16,1
3492,13,0
3493,15,0
3494,15,0
3495,26,0
3496,15,1
3497,12,1
3498,26,1
3499,26,0
3500,12,1
3501,13,1
3502,15,1
3503,16,0
3504,25,1
3505,16,1
3506,15,1
3507,23,0
3508,26,0
3509,24,0
3510,14,0
3511,16,0
3512,12,1
3513,12,0
3514,13,1
3515,16,1
3516,24,0
3517,16,1
3518,14,1
3519,26,0
3520,13,0
3521,16,1
3522,16,1
3523,24,1
3524,14,0
3525,25,1
3526,23,0
3527,15,0
3528,25,1
3529,26,1
3530,24,1
3531,25,1
3532,16,1
3533,16,1
3534,14,1
3535,15,1
3536,16,0
3537,16,1
3538,25,0
3539,26,1
3540,25,0
3541,13,1
3542,22,0
3543,23,1
3544,25,0
3545,26,1
3546,12,0
3547,16,1
3548,26,0
3549,22,0
3550,25,1
3551,25,0
3552,13,1
3553,12,0
3554,12,1
3555,16,1
3556,13,0
3557,12,1
3558,15,0
3559,26,1
3560,14,1
3561,14,1
3562,22,0
3563,15,1
3564,26,0
3565,25,1
3566,24,0
3567,25,0
3568,14,1
3569,14,0
3570,25,0
3571,24,0
3572,23,0
3573,24,1
3574,26,0
3575,15,1
3576,15,0
3577,16,1
3578,25,1
3579,25,1
3580,13,0
3581,25,0
3582,12,0
3583,12,1
3584,15,1
3585,22,0
3586,13,0
3587,25,1
3588,15,1
3589,22,0
3590,22,0
3591,25,0
3592,14,1
3593,13,1
3594,26,1
3595,26,1
3596,13,1
3597,24,0
3598,24,0
3599,14,1
3600,14,1
3601,14,0
3602,14,0
3603,24,0
3604,14,1
3605,14,1
3606,14,0
3607,24,1
3608,24,0
3609,14,1
3610,24,0
3611,24,1
3612,14,0
3613,14,0
3614,14,1
3615,14,0
3616,14,1
3617,24,0
3618,14,0
3619,24,0
3620,14,1
3621,14,0
3622,24,0
3623,24,0
3624,14,0
3625,24,0
3626,24,0
3627,24,0
3628,14,1
3629,24,0
3630,14,1
3631,24,0
3632,24,0
3633,14,0
3634,14,0
3635,24,0
3636,24,1
3637,14,0
3638,24,0
3639,13,0
3640,13,0
3641,13,0
3642,23,0
3643,23,0
3644,13,0
3645,13,0
3646,23,0
3647,13,0
3648,13,0
3649,13,1
3650,13,0
3651,13,0
3652,13,1
3653,23,0
3654,23,0
3655,23,0
3656,13,0
3657,23,0
3658,23,0
3659,13,1
3660,23,0
3661,23,0
3662,13,0
3663,23,0
3664,23,0
3665,23,0
3666,23,1
3667,23,0
3668,23,0
3669,23,0
3670,13,1
3671,13,0
3672,13,0
3673,23,0
3674,23,0
3675,23,0
3676,23,0
3677,23,0
3678,13,1
3679,13,1
3680,13,1
3681,13,1
3682,23,1
3683,13,0
3684,13,0
3685,23,0
3686,23,0
3687,23,0
3688,23,0
3689,13,0
3690,13,0
3691,23,0
3692,23,0
3693,23,0
3694,23,0
3695,13,1
3696,23,0
3697,13,0
3698,13,0
3699,13,1
3700,13,1
3701,23,0
3702,23,0
3703,23,0
3704,23,0
3705,23,0
3706,23,0
3707,23,0
3708,13,0
3709,23,0
3710,13,0
3711,13,0
3712,13,0
3713,23,0
3714,23,0
3715,23,0
3716,13,0
3717,23,0
3718,23,0
3719,13,1
3720,13,1
3721,13,1
3722,13,1
3723,23,0
3724,23,0
3725,13,0
3726,13,0
3727,23,0
3728,13,1
3729,23,0
3730,13,1
3731,13,1
3732,13,0
3733,23,1
3734,13,1
3735,23,0
3736,23,0
3737,23,0
3738,23,0
3739,23,0
3740,23,0
3741,23,0
3742,23,0
3743,23,0
3744,23,0
3745,23,0
3746,23,0
3747,23,0
3748,23,1
3749,23,0
3750,23,0
3751,23,0
3752,23,0
3753,23,0
3754,13,0
3755,23,0
3756,23,0
3757,23,0
3758,23,0
3759,23,0
3760,23,0
3761,23,0
3762,23,0
3763,13,0
3764,13,0
3765,13,1
3766,23,0
3767,13,1
3768,13,1
3769,23,0
3770,23,0
3771,23,1
3772,13,0
3773,23,0
3774,23,0
3775,23,0
3776,23,0
3777,23,0
3778,23,0
3779,13,0
3780,13,0
3781,13,0
3782,23,0
3783,23,0
3784,13,1
3785,13,0
3786,13,0
3787,13,1
3788,13,1
3789,13,1
3790,22,0
3791,22,0
3792,12,0
3793,22,0
3794,12,0
3795,22,0
3796,22,0
3797,22,0
3798,22,0
3799,22,0
3800,22,0
3801,22,0
3802,12,0
3803,12,1
3804,22,0
3805,12,0
3806,22,0
3807,12,1
3808,22,0
3809,22,0
3810,12,0
3811,22,0
3812,22,0
3813,22,0
3814,22,0
3815,22,0
3816,12,1
3817,12,0
3818,12,1
3819,12,0
3820,12,0
3821,22,0
3822,22,0
3823,22,0
3824,22,0
3825,22,0
3826,22,0
3827,22,0
3828,22,0
3829,22,0
3830,22,0
3831,12,0
3832,12,1
3833,22,1
3834,22,0
3835,22,0
3836,12,0
3837,22,0
3838,22,0
3839,12,0
3840,22,0
3841,22,0
3842,12,0
3843,12,0
3844,22,0
3845,22,0
3846,22,0
3847,22,0
3848,22,0
3849,22,0
3850,12,1
3851,22,0
3852,22,0
3853,22,0
3854,15,1
3855,15,0
3856,15,1
3857,15,1
3858,15,1
3859,15,0
3860,15,0
3861,15,1
3862,15,1
3863,15,1
3864,15,1
3865,15,0
3866,25,0
3867,15,0
3868,15,0
3869,25,0
3870,25,0
3871,15,1
3872,15,1
3873,25,1
3874,15,1
3875,25,1
3876,25,0
3877,15,1
3878,25,0
3879,15,0
3880,14,1
3881,14,0
3882,14,0
3883,24,0
3884,24,0
3885,24,1
3886,14,0
3887,14,0
3888,14,1
3889,14,1
3890,24,1
3891,14,0
3892,14,0
3893,14,0
3894,14,0
3895,14,1
3896,14,1
3897,14,1
3898,24,0
3899,24,0
3900,24,1
3901,14,1
3902,24,1
3903,14,1
3904,24,0
3905,14,1
3906,24,1
3907,24,0
3908,24,1
3909,14,1
3910,14,1
3911,24,1
3912,14,0
3913,14,0
3914,24,0
3915,14,0
3916,24,0
3917,14,0
3918,24,0
3919,14,1
3920,24,1
3921,24,1
3922,14,1
3923,14,1
3924,14,1
3925,24,0
3926,24,0
3927,24,0
3928,14,0
3929,24,0
3930,14,0
3931,14,0
3932,14,1
3933,24,0
3934,24,1
3935,14,1
3936,24,1
3937,24,0
3938,14,1
3939,14,1
3940,24,0
3941,14,0
3942,24,1
3943,14,1
3944,24,0
3945,14,1
3946,24,1
3947,14,1
3948,14,1
3949,14,0
3950,14,0
3951,14,1
3952,24,1
3953,14,1
3954,14,1
3955,14,1
3956,14,0
3957,24,0
3958,14,0
3959,24,0
3960,24,0
3961,24,0
3962,24,0
3963,24,0
3964,14,1
3965,14,1
3966,14,0
3967,14,0
3968,14,1
3969,14,1
3970,14,1
3971,24,1
3972,14,1
3973,14,1
3974,14,0
3975,24,0
3976,24,0
3977,24,0
3978,14,0
3979,14,1
3980,24,0
3981,14,1
3982,24,1
3983,24,0
3984,24,1
3985,14,1
3986,24,0
3987,24,0
3988,14,0
3989,24,0
3990,14,0
3991,14,1
3992,14,1
3993,14,1
3994,14,1
3995,24,1
3996,24,0
3997,14,0
3998,24,0
3999,24,0
4000,14,0
4001,24,0
4002,14,1
4003,24,1
4004,14,1
4005,14,0
4006,14,1
4007,24,1
4008,14,1
4009,14,1
4010,14,1
4011,14,1
4012,14,1
4013,24,0
4014,24,0
4015,24,0
4016,14,0
4017,14,0
4018,14,0
4019,14,0
4020,14,1
4021,24,0
4022,24,0
4023,14,0
4024,24,0
4025,24,0
4026,24,0
4027,24,0
4028,24,0
4029,14,1
4030,14,1
4031,14,1
4032,13,1
4033,23,1
4034,13,1
4035,23,1
4036,23,0
4037,23,0
4038,23,0
4039,13,1
4040,23,0
4041,13,0
4042,23,0
4043,13,0
4044,13,1
4045,13,1
4046,13,1
4047,13,1
4048,23,1
4049,13,1
4050,13,1
4051,13,1
4052,13,0
4053,23,0
4054,23,0
4055,23,0
4056,23,0
4057,23,0
4058,13,0
4059,13,1
4060,13,1
4061,23,0
4062,13,0
4063,13,0
4064,13,1
4065,13,1
4066,13,0
4067,23,0
4068,13,0
4069,23,0
4070,13,1
4071,23,1
4072,13,1
4073,13,1
4074,13,1
4075,23,1
4076,13,1
4077,13,1
4078,23,0
4079,23,0
4080,23,0
4081,13,0
4082,13,1
4083,23,0
4084,23,0
4085,23,0
4086,13,1
4087,13,1
4088,13,1
4089,23,0
4090,23,0
4091,23,0
4092,13,0
4093,23,0
4094,23,1
4095,23,0
4096,13,0
4097,23,0
4098,23,0
4099,23,0
4100,23,0
4101,13,1
4102,23,0
4103,23,1
4104,13,1
4105,13,1
4106,23,1
4107,13,1
4108,13,1
4109,23,1
4110,13,1
4111,13,0
4112,23,0
4113,13,0
4114,23,0
4115,23,0
4116,23,0
4117,13,1
4118,23,1
4119,13,1
4120,13,1
4121,13,1
4122,13,1
4123,23,0
4124,23,0
4125,23,0
4126,13,1
4127,13,0
4128,13,0
4129,23,0
4130,23,1
4131,23,0
4132,13,0
4133,13,1
4134,13,1
4135,23,1
4136,23,1
4137,13,1
4138,23,1
4139,23,1
4140,23,0
4141,23,0
4142,23,1
4143,23,1
4144,13,1
4145,13,1
4146,23,0
4147,23,0
4148,23,0
4149,23,1
4150,23,0
4151,23,0
4152,23,0
4153,23,0
4154,13,1
4155,23,0
4156,23,0
4157,13,0
4158,13,1
4159,23,1
4160,13,0
4161,23,1
4162,23,0
4163,22,1
4164,22,1
4165,12,1
4166,12,0
4167,12,0
4168,12,0
4169,12,1
4170,12,0
4171,22,0
4172,12,1
4173,12,1
4174,12,1
4175,22,1
4176,22,0
4177,12,0
4178,22,0
4179,12,0
4180,16,1
4181,26,1
4182,26,1
4183,16,1
4184,16,0
4185,16,1
4186,26,1
4187,16,1
4188,16,1
4189,26,0
4190,16,1
4191,16,0
4192,26,0
4193,16,1
4194,15,1
4195,25,1
4196,15,0
4197,15,1
4198,15,1
4199,15,1
4200,15,1
4201,15,1
4202,25,1
4203,25,0
4204,15,0
4205,15,0
4206,15,1
4207,15,1
4208,15,1
4209,15,0
4210,15,1
4211,15,1
4212,15,1
4213,15,1
4214,15,1
4215,15,1
4216,15,1
4217,15,1
4218,15,1
4219,25,0
4220,15,1
4221,25,0
4222,15,1
4223,15,1
4224,15,1
4225,15,1
4226,25,1
4227,15,1
4228,15,1
4229,15,0
4230,25,0
4231,15,0
4232,25,0
4233,15,1
4234,15,1
4235,15,1
4236,25,1
4237,15,1
4238,15,1
4239,25,0
4240,25,0
4241,25,0
4242,15,0
4243,15,0
4244,25,0
4245,25,1
4246,15,0
4247,15,1
4248,15,1
4249,15,1
4250,15,1
4251,15,1
4252,15,1
4253,25,1
4254,15,1
4255,25,1
4256,25,1
4257,15,1
4258,15,1
4259,15,1
4260,25,1
4261,25,1
4262,25,1
4263,25,0
4264,25,0
4265,25,0
4266,25,0
4267,25,0
4268,25,0
4269,25,0
4270,15,1
4271,15,1
4272,15,1
4273,25,1
4274,15,1
4275,25,1
4276,25,0
4277,15,1
4278,15,1
4279,25,0
4280,25,0
4281,15,0
4282,25,1
4283,15,1
4284,15,1
4285,25,1
4286,25,1
4287,25,1
4288,15,1
4289,15,1
4290,25,1
4291,15,1
4292,15,0
4293,25,0
4294,25,0
4295,25,0
4296,25,0
4297,15,1
4298,25,0
4299,15,1
4300,25,0
4301,15,1
4302,25,0
4303,25,0
4304,15,1
4305,15,0
4306,25,1
4307,25,1
4308,25,0
4309,15,1
4310,15,0
4311,25,1
4312,15,1
4313,14,1
4314,14,1
4315,24,1
4316,24,1
4317,14,0
4318,24,0
4319,14,0
4320,14,0
4321,24,0
4322,14,0
4323,24,0
4324,14,0
4325,14,0
4326,14,0
4327,14,1
4328,24,0
4329,24,0
4330,24,0
4331,24,1
4332,24,1
4333,24,1
4334,24,1
4335,14,0
4336,14,1
4337,14,1
4338,14,1
4339,14,0
4340,24,1
4341,14,1
4342,14,1
4343,24,0
4344,14,1
4345,14,1
4346,24,1
4347,24,1
4348,14,1
4349,14,1
4350,14,1
4351,14,1
4352,14,0
4353,24,0
4354,24,0
4355,14,0
4356,24,0
4357,24,0
4358,14,0
4359,14,1
4360,24,0
4361,24,0
4362,14,1
4363,14,1
4364,14,1
4365,14,1
4366,24,0
4367,14,0
4368,14,1
4369,14,1
4370,14,1
4371,14,1
4372,14,1
4373,14,1
4374,14,1
4375,14,1
4376,14,1
4377,24,0
4378,24,0
4379,24,0
4380,24,0
4381,24,0
4382,14,0
4383,24,0
4384,24,0
4385,24,1
4386,14,0
4387,24,0
4388,14,0
4389,24,0
4390,14,1
4391,14,0
4392,24,0
4393,24,1
4394,14,1
4395,24,0
4396,14,1
4397,24,0
4398,24,1
4399,24,1
4400,14,1
4401,14,1
4402,24,1
4403,24,1
4404,14,1
4405,14,0
4406,24,0
4407,24,0
4408,24,0
4409,24,0
4410,24,0
4411,14,0
4412,14,0
4413,24,0
4414,14,0
4415,24,0
4416,14,1
4417,24,0
4418,14,1
4419,24,0
4420,24,0
4421,24,1
4422,14,1
4423,24,0
4424,24,0
4425,24,1
4426,24,1
4427,14,1
4428,24,1
4429,14,0
4430,14,0
4431,24,0
4432,24,0
4433,14,1
4434,14,1
4435,14,1
4436,14,1
4437,14,1
4438,24,1
4439,24,1
4440,24,1
4441,24,0
4442,24,0
4443,14,0
4444,24,0
4445,24,0
4446,24,0
4447,14,0
4448,24,0
4449,14,0
4450,24,0
4451,14,1
4452,14,1
4453,14,0
4454,14,0
4455,14,0
4456,24,1
4457,24,1
4458,14,1
4459,14,1
4460,24,1
4461,24,1
4462,24,0
4463,24,0
4464,24,1
4465,24,1
4466,24,0
4467,24,1
4468,14,1
4469,14,1
4470,14,1
4471,14,1
4472,24,1
4473,24,0
4474,14,1
4475,14,1
4476,14,1
4477,14,1
4478,24,1
4479,24,1
4480,24,0
4481,24,0
4482,14,0
4483,14,0
4484,14,1
4485,24,0
4486,24,1
4487,24,1
4488,24,1
4489,14,1
4490,14,0
4491,14,1
4492,24,1
4493,14,1
4494,14,1
4495,24,0
4496,24,0
4497,14,0
4498,24,0
4499,24,1
4500,14,1
4501,24,1
4502,24,0
4503,14,1
4504,14,1
4505,14,1
4506,14,1
4507,24,1
4508,24,0
4509,24,0
4510,14,0
4511,14,0
4512,24,0
4513,14,1
4514,24,1
4515,14,0
4516,24,1
4517,24,0
4518,24,0
4519,14,1
4520,14,0
4521,24,1
4522,24,1
4523,14,1
4524,24,1
4525,24,1
4526,24,1
4527,14,1
4528,24,0
4529,24,0
4530,24,0
4531,14,0
4532,14,0
4533,14,0
4534,14,1
4535,24,0
4536,24,1
4537,24,1
4538,24,0
4539,14,1
4540,24,1
4541,14,1
4542,24,1
4543,24,1
4544,14,1
4545,24,1
4546,24,0
4547,14,0
4548,24,0
4549,24,0
4550,14,1
4551,24,0
4552,24,0
4553,14,1
4554,14,1
4555,14,0
4556,14,1
4557,14,1
4558,14,0
4559,24,0
4560,24,0
4561,24,0
4562,24,0
4563,24,0
4564,14,1
4565,14,1
4566,24,1
4567,14,0
4568,24,0
4569,14,1
4570,24,0
4571,24,0
4572,24,1
4573,14,0
4574,14,1
4575,14,1
4576,14,1
4577,24,0
4578,14,0
4579,14,0
4580,24,0
4581,24,1
4582,14,1
4583,24,0
4584,24,0
4585,24,0
4586,14,0
4587,14,1
4588,14,1
4589,24,0
4590,24,0
4591,24,1
4592,24,0
4593,14,0
4594,24,1
4595,24,1
4596,24,1
4597,24,1
4598,24,1
4599,14,0
4600,13,1
4601,13,0
4602,13,1
4603,13,0
4604,13,1
4605,23,1
4606,23,0
4607,23,1
4608,23,0
4609,23,0
4610,13,0
4611,23,0
4612,23,0
4613,13,1
4614,13,1
4615,23,1
4616,23,1
4617,13,1
4618,13,1
4619,23,0
4620,23,0
4621,13,0
4622,23,0
4623,13,1
4624,13,1
4625,13,1
4626,23,1
4627,23,0
4628,13,0
4629,23,0
4630,13,0
4631,13,0
4632,13,1
4633,22,0
4634,12,0